local,remote,bw[MB],lat[ms]
172.21.20.10,172.21.20.11,4647.168,242.395
172.21.20.10,172.21.20.12,4768.768,236.1
172.21.20.10,172.21.20.13,4615.264,228.024
172.21.20.10,172.21.20.14,4665.568,235.128
172.21.20.10,172.21.20.15,4701.664,241.051
172.21.20.10,172.21.20.16,4592.992,236.574
172.21.20.10,172.21.20.17,4570.304,239.923
172.21.20.10,172.21.20.18,4698.048,240.517
172.21.20.10,172.21.20.33,4758.528,246.609
172.21.20.10,172.21.20.36,4175.872,275.33
172.21.20.10,172.21.20.37,4652.384,240.5
172.21.20.10,172.21.20.38,4459.36,259.134
172.21.20.10,172.21.20.39,4805.92,246.366
172.21.20.10,172.21.20.40,4826.016,242.836
172.21.20.10,172.21.20.41,4860.832,263.745
172.21.20.10,172.21.20.42,4837.216,264.655
172.21.20.10,172.21.20.43,4725.44,265.604
172.21.20.10,172.21.20.44,4170.72,262.433
172.21.20.10,172.21.20.45,4682.208,252.016
172.21.20.10,172.21.20.46,4769.344,246.336
172.21.20.10,172.21.20.47,2060.064,305.064
172.21.20.10,172.21.20.48,4811.872,248.725
172.21.20.10,172.21.20.52,4763.52,251.667
172.21.20.10,172.21.20.54,4789.6,318.167
172.21.20.10,172.21.20.55,4892.672,315.358
172.21.20.10,172.21.20.56,4782.688,242.307
172.21.20.10,172.21.20.57,4942.464,261.78
172.21.20.10,172.21.20.9,4745.248,238.237
172.21.20.11,172.21.20.10,4042.368,253.485
172.21.20.11,172.21.20.12,4603.072,215.193
172.21.20.11,172.21.20.13,4506.848,242.689
172.21.20.11,172.21.20.14,4360.928,218.079
172.21.20.11,172.21.20.15,4572.512,212.314
172.21.20.11,172.21.20.16,4583.68,228.885
172.21.20.11,172.21.20.17,4633.76,212.993
172.21.20.11,172.21.20.18,4136.512,228.885
172.21.20.11,172.21.20.33,4562.848,284.657
172.21.20.11,172.21.20.36,4595.744,243.576
172.21.20.11,172.21.20.37,4605.376,285.266
172.21.20.11,172.21.20.38,4569.408,279.642
172.21.20.11,172.21.20.39,4586.368,278.94
172.21.20.11,172.21.20.40,4442.848,283.166
172.21.20.11,172.21.20.41,4598.72,241.313
172.21.20.11,172.21.20.42,4529.568,239.406
172.21.20.11,172.21.20.43,4610.816,246.427
172.21.20.11,172.21.20.44,4704.352,244.32
172.21.20.11,172.21.20.45,4633.28,273.748
172.21.20.11,172.21.20.46,4614.048,271.518
172.21.20.11,172.21.20.47,3389.728,313.43
172.21.20.11,172.21.20.48,4558.176,274.65
172.21.20.11,172.21.20.52,4609.44,286.656
172.21.20.11,172.21.20.54,4338.016,303.03
172.21.20.11,172.21.20.55,4688.256,237.023
172.21.20.11,172.21.20.56,4706.048,223.164
172.21.20.11,172.21.20.57,4707.616,208.333
172.21.20.11,172.21.20.9,4240.768,226.706
172.21.20.12,172.21.20.10,4513.76,237.445
172.21.20.12,172.21.20.11,4548.896,215.54
172.21.20.12,172.21.20.13,4520.416,239.722
172.21.20.12,172.21.20.14,4424.896,223.439
172.21.20.12,172.21.20.15,4623.392,210.993
172.21.20.12,172.21.20.16,4605.568,229.806
172.21.20.12,172.21.20.17,4693.824,213.789
172.21.20.12,172.21.20.18,4469.376,226.886
172.21.20.12,172.21.20.33,4748.131,276.319
172.21.20.12,172.21.20.36,4760.352,243.398
172.21.20.12,172.21.20.37,4759.904,267.559
172.21.20.12,172.21.20.38,4580.352,269.724
172.21.20.12,172.21.20.39,4729.44,270.746
172.21.20.12,172.21.20.40,4655.008,264.795
172.21.20.12,172.21.20.41,4653.6,242.807
172.21.20.12,172.21.20.42,4666.976,228.964
172.21.20.12,172.21.20.43,4719.264,242.219
172.21.20.12,172.21.20.44,4427.008,249.283
172.21.20.12,172.21.20.45,4440.9,260.937
172.21.20.12,172.21.20.46,4793.92,272.22
172.21.20.12,172.21.20.47,3168.864,304.646
172.21.20.12,172.21.20.48,4764.544,266.702
172.21.20.12,172.21.20.52,4690.688,269.215
172.21.20.12,172.21.20.54,4555.008,250.187
172.21.20.12,172.21.20.55,4585.056,249.75
172.21.20.12,172.21.20.56,4408.032,221.019
172.21.20.12,172.21.20.57,4784.207,229.621
172.21.20.12,172.21.20.9,4540.128,232.126
172.21.20.13,172.21.20.10,4546.484,224.744
172.21.20.13,172.21.20.11,4537.568,240.154
172.21.20.13,172.21.20.12,4646.816,239.664
172.21.20.13,172.21.20.14,4479.616,229.043
172.21.20.13,172.21.20.15,4671.2,235.266
172.21.20.13,172.21.20.16,4401.696,242.512
172.21.20.13,172.21.20.17,4532.992,233.046
172.21.20.13,172.21.20.18,4420.32,241.458
172.21.20.13,172.21.20.33,4601.824,252.461
172.21.20.13,172.21.20.36,4622.24,281.69
172.21.20.13,172.21.20.37,3384.608,239.607
172.21.20.13,172.21.20.38,4811.648,251.383
172.21.20.13,172.21.20.39,4777.043,241.663
172.21.20.13,172.21.20.40,4657.568,244.141
172.21.20.13,172.21.20.41,4635.488,274.499
172.21.20.13,172.21.20.42,4681.44,253.165
172.21.20.13,172.21.20.43,4682.112,256.082
172.21.20.13,172.21.20.44,4805.696,260.146
172.21.20.13,172.21.20.45,4862.368,247.893
172.21.20.13,172.21.20.46,4799.522,245.218
172.21.20.13,172.21.20.47,2797.472,298.954
172.21.20.13,172.21.20.48,4711.456,254.001
172.21.20.13,172.21.20.52,4471.872,253.453
172.21.20.13,172.21.20.54,2186.912,437.908
172.21.20.13,172.21.20.55,3718.08,293.772
172.21.20.13,172.21.20.56,4863.968,237.248
172.21.20.13,172.21.20.57,4892.736,237.84
172.21.20.13,172.21.20.9,4521.056,235.488
172.21.20.14,172.21.20.10,4401.952,234.632
172.21.20.14,172.21.20.11,4599.264,230.521
172.21.20.14,172.21.20.12,4755.136,221.976
172.21.20.14,172.21.20.13,4663.648,232.585
172.21.20.14,172.21.20.15,4543.136,222.296
172.21.20.14,172.21.20.16,1860.288,293.083
172.21.20.14,172.21.20.17,4529.984,233.182
172.21.20.14,172.21.20.18,4108.704,225.53
172.21.20.14,172.21.20.33,4808.416,271.444
172.21.20.14,172.21.20.36,4670.048,252.398
172.21.20.14,172.21.20.37,4716.032,271.592
172.21.20.14,172.21.20.38,4691.552,269.505
172.21.20.14,172.21.20.39,4878.016,266.88
172.21.20.14,172.21.20.40,4741.568,275.179
172.21.20.14,172.21.20.41,4865.248,237.023
172.21.20.14,172.21.20.42,4675.872,235.363
172.21.20.14,172.21.20.43,4851.52,243.013
172.21.20.14,172.21.20.44,4840.512,242.248
172.21.20.14,172.21.20.45,4834.944,269.397
172.21.20.14,172.21.20.46,4804.128,266.916
172.21.20.14,172.21.20.47,3108.064,305.204
172.21.20.14,172.21.20.48,4650.976,264.795
172.21.20.14,172.21.20.52,4847.68,279.838
172.21.20.14,172.21.20.54,2258.56,247.709
172.21.20.14,172.21.20.55,2546.016,267.344
172.21.20.14,172.21.20.56,4894.016,219.298
172.21.20.14,172.21.20.57,4864.096,222.568
172.21.20.14,172.21.20.9,4740.48,227.144
172.21.20.15,172.21.20.10,4642.464,234.935
172.21.20.15,172.21.20.11,4662.336,213.47
172.21.20.15,172.21.20.12,4728.64,206.996
172.21.20.15,172.21.20.13,4672.128,236.435
172.21.20.15,172.21.20.14,4026.304,218.221
172.21.20.15,172.21.20.16,4523.04,221.754
172.21.20.15,172.21.20.17,4579.008,203.707
172.21.20.15,172.21.20.18,4052.096,228.389
172.21.20.15,172.21.20.33,4663.753,270.709
172.21.20.15,172.21.20.36,4658.848,247.28
172.21.20.15,172.21.20.37,4776.544,277.778
172.21.20.15,172.21.20.38,4743.992,271.518
172.21.20.15,172.21.20.39,4646.752,258.933
172.21.20.15,172.21.20.40,4687.392,270.051
172.21.20.15,172.21.20.41,4792.608,242.248
172.21.20.15,172.21.20.42,4760.128,238.777
172.21.20.15,172.21.20.43,4774.432,239.263
172.21.20.15,172.21.20.44,4675.872,242.718
172.21.20.15,172.21.20.45,4730.208,267.38
172.21.20.15,172.21.20.46,4696.832,272.257
172.21.20.15,172.21.20.47,2635.52,304.785
172.21.20.15,172.21.20.48,4715.936,268.601
172.21.20.15,172.21.20.52,4683.136,271.813
172.21.20.15,172.21.20.54,4708.384,249.501
172.21.20.15,172.21.20.55,4808.672,244.26
172.21.20.15,172.21.20.56,4757.632,218.484
172.21.20.15,172.21.20.57,4788.64,224.795
172.21.20.15,172.21.20.9,4612.224,220.143
172.21.20.16,172.21.20.10,4609.984,246.488
172.21.20.16,172.21.20.11,4646.688,234.082
172.21.20.16,172.21.20.12,4333.472,230.814
172.21.20.16,172.21.20.13,4682.285,240.645
172.21.20.16,172.21.20.14,4712.224,225.606
172.21.20.16,172.21.20.15,4706.752,225.048
172.21.20.16,172.21.20.17,4642.528,221.852
172.21.20.16,172.21.20.18,4280.032,220.824
172.21.20.16,172.21.20.33,4200.32,278.087
172.21.20.16,172.21.20.36,4691.456,257.136
172.21.20.16,172.21.20.37,4699.52,274.198
172.21.20.16,172.21.20.38,4585.44,271.37
172.21.20.16,172.21.20.39,4827.808,271.518
172.21.20.16,172.21.20.40,4634.752,273.448
172.21.20.16,172.21.20.41,4798.432,240.993
172.21.20.16,172.21.20.42,4658.56,233.809
172.21.20.16,172.21.20.43,4735.712,240.674
172.21.20.16,172.21.20.44,4635.552,252.621
172.21.20.16,172.21.20.45,4825.728,264.55
172.21.20.16,172.21.20.46,4733.088,271.813
172.21.20.16,172.21.20.47,3527.904,313.381
172.21.20.16,172.21.20.48,4737.184,265.322
172.21.20.16,172.21.20.52,4822.72,270.819
172.21.20.16,172.21.20.54,4780.544,303.03
172.21.20.16,172.21.20.55,4905.075,315.706
172.21.20.16,172.21.20.56,4852.64,219.226
172.21.20.16,172.21.20.57,4920.864,218.293
172.21.20.16,172.21.20.9,4241.99,225.403
172.21.20.17,172.21.20.10,4623.968,236.995
172.21.20.17,172.21.20.11,4452.896,212.857
172.21.20.17,172.21.20.12,4612.512,204.729
172.21.20.17,172.21.20.13,4521.216,234.577
172.21.20.17,172.21.20.14,4174.336,223.439
172.21.20.17,172.21.20.15,4536.544,211.193
172.21.20.17,172.21.20.16,4359.104,233.236
172.21.20.17,172.21.20.18,4630.624,224.618
172.21.20.17,172.21.20.33,4575.936,279.486
172.21.20.17,172.21.20.36,4659.904,240.703
172.21.20.17,172.21.20.37,4620.896,294.898
172.21.20.17,172.21.20.38,4734.944,266.134
172.21.20.17,172.21.20.39,4649.408,266.241
172.21.20.17,172.21.20.40,4767.36,273.823
172.21.20.17,172.21.20.41,4705.984,234.028
172.21.20.17,172.21.20.42,4616.48,232.992
172.21.20.17,172.21.20.43,4863.616,235.183
172.21.20.17,172.21.20.44,4576.256,234.247
172.21.20.17,172.21.20.45,4807.84,255.951
172.21.20.17,172.21.20.46,4686.528,276.014
172.21.20.17,172.21.20.47,1727.104,325.786
172.21.20.17,172.21.20.48,4652.128,271.15
172.21.20.17,172.21.20.52,4728.448,262.985
172.21.20.17,172.21.20.54,1636.544,296.591
172.21.20.17,172.21.20.55,1886.528,263.817
172.21.20.17,172.21.20.56,4800.64,217.344
172.21.20.17,172.21.20.57,4847.328,227.764
172.21.20.17,172.21.20.9,4411.424,222.841
172.21.20.18,172.21.20.10,4608.832,237.332
172.21.20.18,172.21.20.11,4296.32,233.427
172.21.20.18,172.21.20.12,4653.568,232.477
172.21.20.18,172.21.20.13,4542.176,233.454
172.21.20.18,172.21.20.14,4701.056,226.424
172.21.20.18,172.21.20.15,4631.008,223.514
172.21.20.18,172.21.20.16,4670.176,220.531
172.21.20.18,172.21.20.17,4341.312,217.108
172.21.20.18,172.21.20.33,4539.84,276.702
172.21.20.18,172.21.20.36,4685.088,258.198
172.21.20.18,172.21.20.37,4750.551,269.833
172.21.20.18,172.21.20.38,4790.88,272.665
172.21.20.18,172.21.20.39,4729.92,268.817
172.21.20.18,172.21.20.40,4623.168,271.076
172.21.20.18,172.21.20.41,4800.928,242.925
172.21.20.18,172.21.20.42,4570.816,238.039
172.21.20.18,172.21.20.43,4828.576,236.967
172.21.20.18,172.21.20.44,4714.112,236.855
172.21.20.18,172.21.20.45,4579.072,267.953
172.21.20.18,172.21.20.46,4741.024,270.124
172.21.20.18,172.21.20.47,2801.792,308.356
172.21.20.18,172.21.20.48,4785.76,274.123
172.21.20.18,172.21.20.52,4771.2,269.869
172.21.20.18,172.21.20.54,4767.328,242.895
172.21.20.18,172.21.20.55,4099.712,276.663
172.21.20.18,172.21.20.56,4838.624,221.386
172.21.20.18,172.21.20.57,4791.488,222.544
172.21.20.18,172.21.20.9,4661.824,226.244
172.21.20.33,172.21.20.10,4504.032,253.197
172.21.20.33,172.21.20.11,4467.008,286.574
172.21.20.33,172.21.20.12,4672.64,276.205
172.21.20.33,172.21.20.13,4437.728,251.667
172.21.20.33,172.21.20.14,4808.544,272.591
172.21.20.33,172.21.20.15,4583.488,274.085
172.21.20.33,172.21.20.16,4593.632,279.369
172.21.20.33,172.21.20.17,4607.136,273.411
172.21.20.33,172.21.20.18,4354.912,269.869
172.21.20.33,172.21.20.36,4676.064,749.906
172.21.20.33,172.21.20.37,4811.104,673.174
172.21.20.33,172.21.20.38,4665.76,676.361
172.21.20.33,172.21.20.39,4869.216,706.964
172.21.20.33,172.21.20.40,4160.352,528.402
172.21.20.33,172.21.20.41,4852.896,732.332
172.21.20.33,172.21.20.42,4723.327,744.325
172.21.20.33,172.21.20.43,4829.536,738.28
172.21.20.33,172.21.20.44,4903.36,742.115
172.21.20.33,172.21.20.45,4600.352,689.893
172.21.20.33,172.21.20.46,4577.248,682.361
172.21.20.33,172.21.20.47,3756.768,532.623
172.21.20.33,172.21.20.48,4911.872,638.774
172.21.20.33,172.21.20.52,4265.856,643.612
172.21.20.33,172.21.20.54,2388.474,755.002
172.21.20.33,172.21.20.55,4973.728,716.076
172.21.20.33,172.21.20.56,4913.385,527.844
172.21.20.33,172.21.20.57,4980.0,696.621
172.21.20.33,172.21.20.9,4471.104,275.065
172.21.20.36,172.21.20.10,4368.032,282.925
172.21.20.36,172.21.20.11,4472.64,251.414
172.21.20.36,172.21.20.12,4524.128,258.131
172.21.20.36,172.21.20.13,4488.416,278.474
172.21.20.36,172.21.20.14,4396.291,257.334
172.21.20.36,172.21.20.15,4491.392,236.602
172.21.20.36,172.21.20.16,4476.8,268.492
172.21.20.36,172.21.20.17,4495.808,238.635
172.21.20.36,172.21.20.18,4364.16,259.471
172.21.20.36,172.21.20.33,4516.672,761.035
172.21.20.36,172.21.20.37,4784.384,762.777
172.21.20.36,172.21.20.38,4628.192,636.537
172.21.20.36,172.21.20.39,4470.56,761.615
172.21.20.36,172.21.20.40,4648.32,751.033
172.21.20.36,172.21.20.41,4632.896,692.281
172.21.20.36,172.21.20.42,4646.112,703.73
172.21.20.36,172.21.20.43,4645.6,690.608
172.21.20.36,172.21.20.44,4595.232,706.714
172.21.20.36,172.21.20.45,4628.192,705.219
172.21.20.36,172.21.20.46,4492.48,777.001
172.21.20.36,172.21.20.47,3155.2,615.764
172.21.20.36,172.21.20.48,4627.936,782.473
172.21.20.36,172.21.20.52,4400.8,738.007
172.21.20.36,172.21.20.54,4394.912,490.316
172.21.20.36,172.21.20.55,1617.856,395.961
172.21.20.36,172.21.20.56,4851.008,564.812
172.21.20.36,172.21.20.57,4686.016,636.132
172.21.20.36,172.21.20.9,4388.928,261.267
172.21.20.37,172.21.20.10,4373.952,244.409
172.21.20.37,172.21.20.11,4474.368,275.596
172.21.20.37,172.21.20.12,4429.408,268.348
172.21.20.37,172.21.20.13,4516.32,247.924
172.21.20.37,172.21.20.14,4571.648,270.526
172.21.20.37,172.21.20.15,4687.936,266.702
172.21.20.37,172.21.20.16,4525.664,273.336
172.21.20.37,172.21.20.17,4679.872,265.781
172.21.20.37,172.21.20.18,4624.096,273.411
172.21.20.37,172.21.20.33,4702.912,605.144
172.21.20.37,172.21.20.36,4850.528,736.106
172.21.20.37,172.21.20.38,4315.584,669.12
172.21.20.37,172.21.20.39,4671.872,672.269
172.21.20.37,172.21.20.40,4612.704,645.369
172.21.20.37,172.21.20.41,4951.136,739.919
172.21.20.37,172.21.20.42,4914.336,747.664
172.21.20.37,172.21.20.43,4663.648,729.661
172.21.20.37,172.21.20.44,4576.576,714.541
172.21.20.37,172.21.20.45,4725.811,673.627
172.21.20.37,172.21.20.46,4875.648,685.166
172.21.20.37,172.21.20.47,3072.48,472.255
172.21.20.37,172.21.20.48,4893.504,664.463
172.21.20.37,172.21.20.52,4915.488,656.383
172.21.20.37,172.21.20.54,3526.976,733.945
172.21.20.37,172.21.20.55,5007.808,728.067
172.21.20.37,172.21.20.56,5023.776,668.673
172.21.20.37,172.21.20.57,5097.184,650.83
172.21.20.37,172.21.20.9,4385.024,270.819
172.21.20.38,172.21.20.10,4367.04,251.446
172.21.20.38,172.21.20.11,4414.688,288.544
172.21.20.38,172.21.20.12,4502.176,285.022
172.21.20.38,172.21.20.13,4439.552,251.604
172.21.20.38,172.21.20.14,4614.75,278.746
172.21.20.38,172.21.20.15,4598.112,278.239
172.21.20.38,172.21.20.16,4467.36,281.452
172.21.20.38,172.21.20.17,4487.52,279.135
172.21.20.38,172.21.20.18,4448.544,283.046
172.21.20.38,172.21.20.33,4586.72,602.41
172.21.20.38,172.21.20.36,4675.904,762.195
172.21.20.38,172.21.20.37,4810.912,691.085
172.21.20.38,172.21.20.39,4621.536,713.521
172.21.20.38,172.21.20.40,4606.09,681.663
172.21.20.38,172.21.20.41,4730.272,760.499
172.21.20.38,172.21.20.42,4675.84,711.997
172.21.20.38,172.21.20.43,4743.904,710.732
172.21.20.38,172.21.20.44,4742.016,732.869
172.21.20.38,172.21.20.45,4735.072,683.995
172.21.20.38,172.21.20.46,4681.664,677.507
172.21.20.38,172.21.20.47,3257.824,585.309
172.21.20.38,172.21.20.48,4791.808,657.03
172.21.20.38,172.21.20.52,4573.088,593.296
172.21.20.38,172.21.20.54,4410.144,736.377
172.21.20.38,172.21.20.55,2371.52,730.46
172.21.20.38,172.21.20.56,4869.856,639.795
172.21.20.38,172.21.20.57,4461.216,657.462
172.21.20.38,172.21.20.9,4581.056,274.386
172.21.20.39,172.21.20.10,4569.472,253.743
172.21.20.39,172.21.20.11,4413.824,290.444
172.21.20.39,172.21.20.12,4446.4,268.817
172.21.20.39,172.21.20.13,4599.808,250.125
172.21.20.39,172.21.20.14,4439.072,268.132
172.21.20.39,172.21.20.15,4397.856,259.909
172.21.20.39,172.21.20.16,4503.712,273.71
172.21.20.39,172.21.20.17,4367.008,272.183
172.21.20.39,172.21.20.18,4611.712,280.978
172.21.20.39,172.21.20.33,4151.849,671.141
172.21.20.39,172.21.20.36,4716.416,746.547
172.21.20.39,172.21.20.37,4908.96,682.128
172.21.20.39,172.21.20.38,4641.728,684.932
172.21.20.39,172.21.20.40,4585.504,658.762
172.21.20.39,172.21.20.41,4798.016,723.851
172.21.20.39,172.21.20.42,4972.832,733.945
172.21.20.39,172.21.20.43,4934.784,724.9
172.21.20.39,172.21.20.44,4780.064,759.013
172.21.20.39,172.21.20.45,4754.976,697.35
172.21.20.39,172.21.20.46,4922.048,669.344
172.21.20.39,172.21.20.47,2791.552,515.73
172.21.20.39,172.21.20.48,4717.376,707.214
172.21.20.39,172.21.20.52,4837.056,699.545
172.21.20.39,172.21.20.54,4740.96,421.674
172.21.20.39,172.21.20.55,2796.16,392.465
172.21.20.39,172.21.20.56,5043.488,662.032
172.21.20.39,172.21.20.57,5003.904,680.735
172.21.20.39,172.21.20.9,4454.272,269.433
172.21.20.40,172.21.20.10,4576.416,252.43
172.21.20.40,172.21.20.11,4446.272,271.113
172.21.20.40,172.21.20.12,4700.498,271.555
172.21.20.40,172.21.20.13,4652.16,248.578
172.21.20.40,172.21.20.14,4762.944,269.034
172.21.20.40,172.21.20.15,4504.864,266.205
172.21.20.40,172.21.20.16,4572.768,275.52
172.21.20.40,172.21.20.17,4532.512,269.687
172.21.20.40,172.21.20.18,4567.744,265.64
172.21.20.40,172.21.20.33,4909.851,630.517
172.21.20.40,172.21.20.36,4906.464,757.576
172.21.20.40,172.21.20.37,4580.224,663.57
172.21.20.40,172.21.20.38,4918.592,686.106
172.21.20.40,172.21.20.39,4795.904,673.401
172.21.20.40,172.21.20.41,4891.104,711.238
172.21.20.40,172.21.20.42,4947.264,729.927
172.21.20.40,172.21.20.43,4840.768,746.826
172.21.20.40,172.21.20.44,4798.304,742.942
172.21.20.40,172.21.20.45,4748.96,641.231
172.21.20.40,172.21.20.46,4369.824,703.73
172.21.20.40,172.21.20.47,2695.072,434.311
172.21.20.40,172.21.20.48,4903.104,664.894
172.21.20.40,172.21.20.52,4811.232,668.003
172.21.20.40,172.21.20.54,1908.512,699.79
172.21.20.40,172.21.20.55,5030.592,494.315
172.21.20.40,172.21.20.56,4990.663,672.043
172.21.20.40,172.21.20.57,4977.184,685.072
172.21.20.40,172.21.20.9,4340.512,270.088
172.21.20.41,172.21.20.10,4824.64,263.539
172.21.20.41,172.21.20.11,4509.056,248.231
172.21.20.41,172.21.20.12,4575.776,248.942
172.21.20.41,172.21.20.13,4609.632,259.808
172.21.20.41,172.21.20.14,4143.968,240.819
172.21.20.41,172.21.20.15,4632.992,251.383
172.21.20.41,172.21.20.16,4500.96,245.429
172.21.20.41,172.21.20.17,4631.881,244.529
172.21.20.41,172.21.20.18,4737.12,247.188
172.21.20.41,172.21.20.33,4768.384,741.29
172.21.20.41,172.21.20.36,4747.008,690.369
172.21.20.41,172.21.20.37,4878.752,762.486
172.21.20.41,172.21.20.38,4845.568,729.847
172.21.20.41,172.21.20.39,4870.496,730.994
172.21.20.41,172.21.20.40,4831.776,739.098
172.21.20.41,172.21.20.42,4953.312,689.655
172.21.20.41,172.21.20.43,4887.136,636.943
172.21.20.41,172.21.20.44,4353.184,710.227
172.21.20.41,172.21.20.45,4856.096,682.128
172.21.20.41,172.21.20.46,4909.088,769.823
172.21.20.41,172.21.20.47,2723.232,490.436
172.21.20.41,172.21.20.48,4892.8,727.273
172.21.20.41,172.21.20.52,4923.776,727.273
172.21.20.41,172.21.20.54,4659.456,719.166
172.21.20.41,172.21.20.55,4934.176,634.518
172.21.20.41,172.21.20.56,4976.16,412.116
172.21.20.41,172.21.20.57,5087.776,578.704
172.21.20.41,172.21.20.9,4419.808,239.034
172.21.20.42,172.21.20.10,4062.848,259.067
172.21.20.42,172.21.20.11,4485.632,247.28
172.21.20.42,172.21.20.12,4593.12,250.094
172.21.20.42,172.21.20.13,4472.032,252.239
172.21.20.42,172.21.20.14,4529.824,236.939
172.21.20.42,172.21.20.15,4619.296,234.165
172.21.20.42,172.21.20.16,4037.12,234.88
172.21.20.42,172.21.20.17,4646.272,240.269
172.21.20.42,172.21.20.18,4455.008,242.072
172.21.20.42,172.21.20.33,4729.92,740.604
172.21.20.42,172.21.20.36,4721.696,675.676
172.21.20.42,172.21.20.37,4968.544,739.645
172.21.20.42,172.21.20.38,4781.344,700.28
172.21.20.42,172.21.20.39,4938.784,740.466
172.21.20.42,172.21.20.40,4901.632,759.878
172.21.20.42,172.21.20.41,4927.168,696.379
172.21.20.42,172.21.20.43,4735.424,651.89
172.21.20.42,172.21.20.44,4381.536,645.786
172.21.20.42,172.21.20.45,4733.962,728.332
172.21.20.42,172.21.20.46,4817.504,749.625
172.21.20.42,172.21.20.47,4024.16,532.907
172.21.20.42,172.21.20.48,4763.52,747.664
172.21.20.42,172.21.20.52,4869.312,739.645
172.21.20.42,172.21.20.54,4759.296,694.927
172.21.20.42,172.21.20.55,4089.92,370.645
172.21.20.42,172.21.20.56,5050.016,563.539
172.21.20.42,172.21.20.57,5068.448,394.633
172.21.20.42,172.21.20.9,4548.096,235.433
172.21.20.43,172.21.20.10,4410.016,264.131
172.21.20.43,172.21.20.11,4568.48,246.457
172.21.20.43,172.21.20.12,4713.152,239.866
172.21.20.43,172.21.20.13,4595.488,258.065
172.21.20.43,172.21.20.14,4556.48,236.602
172.21.20.43,172.21.20.15,4578.165,251.477
172.21.20.43,172.21.20.16,4446.24,250.407
172.21.20.43,172.21.20.17,4629.824,243.694
172.21.20.43,172.21.20.18,4129.728,238.124
172.21.20.43,172.21.20.33,4881.664,717.36
172.21.20.43,172.21.20.36,4808.768,708.968
172.21.20.43,172.21.20.37,4943.264,736.92
172.21.20.43,172.21.20.38,4714.016,722.502
172.21.20.43,172.21.20.39,4885.344,719.424
172.21.20.43,172.21.20.40,4872.608,738.007
172.21.20.43,172.21.20.41,4904.8,684.229
172.21.20.43,172.21.20.42,4864.064,657.03
172.21.20.43,172.21.20.44,4908.736,707.714
172.21.20.43,172.21.20.45,4223.2,699.79
172.21.20.43,172.21.20.46,4177.408,670.466
172.21.20.43,172.21.20.47,3202.528,483.209
172.21.20.43,172.21.20.48,4878.752,730.994
172.21.20.43,172.21.20.52,4766.496,723.589
172.21.20.43,172.21.20.54,2559.04,314.663
172.21.20.43,172.21.20.55,2003.616,421.319
172.21.20.43,172.21.20.56,5050.528,352.361
172.21.20.43,172.21.20.57,4990.624,491.4
172.21.20.43,172.21.20.9,4318.56,243.694
172.21.20.44,172.21.20.10,4602.81,265.592
172.21.20.44,172.21.20.11,4530.468,255.888
172.21.20.44,172.21.20.12,4455.296,247.249
172.21.20.44,172.21.20.13,4611.616,262.089
172.21.20.44,172.21.20.14,4603.936,235.877
172.21.20.44,172.21.20.15,4436.283,247.433
172.21.20.44,172.21.20.16,4700.224,248.911
172.21.20.44,172.21.20.17,4513.184,245.58
172.21.20.44,172.21.20.18,4601.28,245.068
172.21.20.44,172.21.20.33,4735.2,616.143
172.21.20.44,172.21.20.36,4687.744,713.012
172.21.20.44,172.21.20.37,4813.376,715.308
172.21.20.44,172.21.20.38,4803.968,738.552
172.21.20.44,172.21.20.39,4570.08,748.325
172.21.20.44,172.21.20.40,4913.184,737.463
172.21.20.44,172.21.20.41,4808.352,668.449
172.21.20.44,172.21.20.42,4853.76,501.505
172.21.20.44,172.21.20.43,4819.678,673.854
172.21.20.44,172.21.20.45,4848.512,726.216
172.21.20.44,172.21.20.46,4904.247,638.366
172.21.20.44,172.21.20.47,3760.96,433.088
172.21.20.44,172.21.20.48,4810.112,714.796
172.21.20.44,172.21.20.52,4605.248,737.735
172.21.20.44,172.21.20.54,4591.2,669.344
172.21.20.44,172.21.20.55,3272.565,666.667
172.21.20.44,172.21.20.56,4957.152,509.165
172.21.20.44,172.21.20.57,5062.208,444.101
172.21.20.44,172.21.20.9,4516.576,255.363
172.21.20.45,172.21.20.10,4514.592,251.288
172.21.20.45,172.21.20.11,1919.52,353.857
172.21.20.45,172.21.20.12,4634.368,264.131
172.21.20.45,172.21.20.13,4577.024,252.207
172.21.20.45,172.21.20.14,4495.68,282.406
172.21.20.45,172.21.20.15,4630.066,270.526
172.21.20.45,172.21.20.16,4591.392,268.456
172.21.20.45,172.21.20.17,4639.04,263.609
172.21.20.45,172.21.20.18,4645.248,264.026
172.21.20.45,172.21.20.33,4348.625,616.143
172.21.20.45,172.21.20.36,4751.616,792.707
172.21.20.45,172.21.20.37,4837.248,693.963
172.21.20.45,172.21.20.38,4130.72,582.92
172.21.20.45,172.21.20.39,4876.32,689.18
172.21.20.45,172.21.20.40,4785.92,617.093
172.21.20.45,172.21.20.41,4897.568,718.649
172.21.20.45,172.21.20.42,4893.6,749.064
172.21.20.45,172.21.20.43,4882.624,730.46
172.21.20.45,172.21.20.44,4869.952,744.048
172.21.20.45,172.21.20.46,4431.68,663.13
172.21.20.45,172.21.20.47,3440.768,514.536
172.21.20.45,172.21.20.48,4789.568,626.174
172.21.20.45,172.21.20.52,4638.656,703.235
172.21.20.45,172.21.20.54,4577.024,721.501
172.21.20.45,172.21.20.55,4894.368,660.939
172.21.20.45,172.21.20.56,4999.424,652.103
172.21.20.45,172.21.20.57,4999.392,671.592
172.21.20.45,172.21.20.9,4661.376,263.817
172.21.20.46,172.21.20.10,4607.616,249.004
172.21.20.46,172.21.20.11,4686.592,271.887
172.21.20.46,172.21.20.12,4374.432,264.41
172.21.20.46,172.21.20.13,4704.544,241.984
172.21.20.46,172.21.20.14,4516.256,267.666
172.21.20.46,172.21.20.15,4641.472,275.028
172.21.20.46,172.21.20.16,4660.768,275.444
172.21.20.46,172.21.20.17,4605.312,269.76
172.21.20.46,172.21.20.18,4516.608,272.331
172.21.20.46,172.21.20.33,4729.152,668.449
172.21.20.46,172.21.20.36,4574.688,766.871
172.21.20.46,172.21.20.37,4869.632,666.223
172.21.20.46,172.21.20.38,4841.376,569.083
172.21.20.46,172.21.20.39,4727.552,693.582
172.21.20.46,172.21.20.40,4792.992,654.664
172.21.20.46,172.21.20.41,4952.16,731.797
172.21.20.46,172.21.20.42,4878.656,730.46
172.21.20.46,172.21.20.43,4676.256,732.064
172.21.20.46,172.21.20.44,4841.92,717.36
172.21.20.46,172.21.20.45,4790.4,688.705
172.21.20.46,172.21.20.47,2610.432,441.564
172.21.20.46,172.21.20.48,4759.68,646.412
172.21.20.46,172.21.20.52,4772.49,646.412
172.21.20.46,172.21.20.54,4896.384,404.531
172.21.20.46,172.21.20.55,3265.952,354.862
172.21.20.46,172.21.20.56,4916.224,654.45
172.21.20.46,172.21.20.57,4952.672,578.251
172.21.20.46,172.21.20.9,4515.84,269.288
172.21.20.47,172.21.20.10,4112.096,296.635
172.21.20.47,172.21.20.11,3551.616,297.663
172.21.20.47,172.21.20.12,3809.088,303.306
172.21.20.47,172.21.20.13,3503.552,310.414
172.21.20.47,172.21.20.14,3387.488,321.234
172.21.20.47,172.21.20.15,3122.563,307.22
172.21.20.47,172.21.20.16,3018.464,302.16
172.21.20.47,172.21.20.17,3976.501,306.044
172.21.20.47,172.21.20.18,3453.952,309.406
172.21.20.47,172.21.20.33,4195.968,505.306
172.21.20.47,172.21.20.36,3568.864,600.601
172.21.20.47,172.21.20.37,3944.864,500.997
172.21.20.47,172.21.20.38,4294.687,574.383
172.21.20.47,172.21.20.39,3538.496,470.699
172.21.20.47,172.21.20.40,3908.352,568.828
172.21.20.47,172.21.20.41,3823.136,511.117
172.21.20.47,172.21.20.42,3875.68,523.286
172.21.20.47,172.21.20.43,4200.8,544.273
172.21.20.47,172.21.20.44,3883.104,473.485
172.21.20.47,172.21.20.45,3557.44,439.078
172.21.20.47,172.21.20.46,3627.744,486.145
172.21.20.47,172.21.20.48,3173.792,484.496
172.21.20.47,172.21.20.52,3946.348,412.626
172.21.20.47,172.21.20.54,2156.1,541.419
172.21.20.47,172.21.20.55,4033.376,588.755
172.21.20.47,172.21.20.56,4127.108,437.828
172.21.20.47,172.21.20.57,4210.372,420.433
172.21.20.47,172.21.20.9,3308.704,306.937
172.21.20.48,172.21.20.10,4517.024,243.132
172.21.20.48,172.21.20.11,4598.976,266.418
172.21.20.48,172.21.20.12,4648.416,272.665
172.21.20.48,172.21.20.13,4642.304,250.063
172.21.20.48,172.21.20.14,4660.384,264.515
172.21.20.48,172.21.20.15,4589.024,266.134
172.21.20.48,172.21.20.16,4614.752,267.559
172.21.20.48,172.21.20.17,4690.688,265.006
172.21.20.48,172.21.20.18,4547.84,261.746
172.21.20.48,172.21.20.33,4870.016,629.723
172.21.20.48,172.21.20.36,4605.408,736.804
172.21.20.48,172.21.20.37,4744.64,674.082
172.21.20.48,172.21.20.38,4629.152,679.348
172.21.20.48,172.21.20.39,4791.232,609.385
172.21.20.48,172.21.20.40,4653.856,691.563
172.21.20.48,172.21.20.41,4789.792,728.597
172.21.20.48,172.21.20.42,4881.824,710.732
172.21.20.48,172.21.20.43,4788.768,741.84
172.21.20.48,172.21.20.44,4930.208,723.589
172.21.20.48,172.21.20.45,4656.736,659.631
172.21.20.48,172.21.20.46,4779.84,666.223
172.21.20.48,172.21.20.47,3261.696,473.149
172.21.20.48,172.21.20.52,4895.872,741.015
172.21.20.48,172.21.20.54,4625.92,736.92
172.21.20.48,172.21.20.55,4829.056,746.826
172.21.20.48,172.21.20.56,4980.608,588.062
172.21.20.48,172.21.20.57,5032.224,616.523
172.21.20.48,172.21.20.9,4546.496,263.678
172.21.20.52,172.21.20.10,4294.816,247.127
172.21.20.52,172.21.20.11,4776.544,275.796
172.21.20.52,172.21.20.12,4583.616,273.0
172.21.20.52,172.21.20.13,4758.848,238.237
172.21.20.52,172.21.20.14,4668.928,260.044
172.21.20.52,172.21.20.15,4450.496,260.451
172.21.20.52,172.21.20.16,4406.176,267.415
172.21.20.52,172.21.20.17,4596.736,264.725
172.21.20.52,172.21.20.18,4588.032,267.201
172.21.20.52,172.21.20.33,4611.776,585.652
172.21.20.52,172.21.20.36,4749.856,720.461
172.21.20.52,172.21.20.37,4996.992,638.774
172.21.20.52,172.21.20.38,4146.048,680.504
172.21.20.52,172.21.20.39,4773.952,686.106
172.21.20.52,172.21.20.40,4726.72,673.627
172.21.20.52,172.21.20.41,4913.344,728.597
172.21.20.52,172.21.20.42,4875.616,663.79
172.21.20.52,172.21.20.43,4655.52,701.016
172.21.20.52,172.21.20.44,4751.488,732.774
172.21.20.52,172.21.20.45,4852.256,610.314
172.21.20.52,172.21.20.46,4774.624,666.889
172.21.20.52,172.21.20.47,3487.776,483.987
172.21.20.52,172.21.20.48,4925.76,597.193
172.21.20.52,172.21.20.54,4497.258,622.471
172.21.20.52,172.21.20.55,4007.2,352.671
172.21.20.52,172.21.20.56,5009.28,629.921
172.21.20.52,172.21.20.57,5115.872,648.719
172.21.20.52,172.21.20.9,4505.12,261.609
172.21.20.54,172.21.20.10,2569.376,316.857
172.21.20.54,172.21.20.11,2729.043,283.487
172.21.20.54,172.21.20.12,3813.568,253.453
172.21.20.54,172.21.20.13,4595.168,261.746
172.21.20.54,172.21.20.14,4720.736,304.368
172.21.20.54,172.21.20.15,2808.963,245.851
172.21.20.54,172.21.20.16,4604.48,247.555
172.21.20.54,172.21.20.17,4530.4,256.41
172.21.20.54,172.21.20.18,3012.128,279.799
172.21.20.54,172.21.20.33,4719.36,714.286
172.21.20.54,172.21.20.36,4674.496,698.812
172.21.20.54,172.21.20.37,3368.288,412.116
172.21.20.54,172.21.20.38,4105.152,757.289
172.21.20.54,172.21.20.39,4818.88,729.927
172.21.20.54,172.21.20.40,3926.08,403.388
172.21.20.54,172.21.20.41,3503.488,669.344
172.21.20.54,172.21.20.42,4800.896,694.203
172.21.20.54,172.21.20.43,4726.912,437.908
172.21.20.54,172.21.20.44,3104.96,646.831
172.21.20.54,172.21.20.45,4802.784,742.39
172.21.20.54,172.21.20.46,4679.616,654.236
172.21.20.54,172.21.20.47,1949.28,548.246
172.21.20.54,172.21.20.48,4827.872,747.768
172.21.20.54,172.21.20.52,4868.32,543.478
172.21.20.54,172.21.20.55,2508.8,699.545
172.21.20.54,172.21.20.56,4558.774,566.733
172.21.20.54,172.21.20.57,4935.264,511.771
172.21.20.54,172.21.20.9,2881.472,282.048
172.21.20.55,172.21.20.10,2559.648,325.68
172.21.20.55,172.21.20.11,2430.688,287.604
172.21.20.55,172.21.20.12,4454.016,250.407
172.21.20.55,172.21.20.13,4506.496,260.926
172.21.20.55,172.21.20.14,4438.016,320.359
172.21.20.55,172.21.20.15,3052.384,238.863
172.21.20.55,172.21.20.16,4138.912,244.648
172.21.20.55,172.21.20.17,4498.08,262.226
172.21.20.55,172.21.20.18,3080.288,275.444
172.21.20.55,172.21.20.33,4774.016,752.445
172.21.20.55,172.21.20.36,4825.952,707.214
172.21.20.55,172.21.20.37,3282.848,406.669
172.21.20.55,172.21.20.38,4861.088,706.714
172.21.20.55,172.21.20.39,4796.544,755.858
172.21.20.55,172.21.20.40,3992.96,365.297
172.21.20.55,172.21.20.41,4431.68,567.859
172.21.20.55,172.21.20.42,4885.248,713.012
172.21.20.55,172.21.20.43,4806.848,382.117
172.21.20.55,172.21.20.44,3443.424,655.308
172.21.20.55,172.21.20.45,4861.024,714.286
172.21.20.55,172.21.20.46,4657.888,606.428
172.21.20.55,172.21.20.47,2931.264,481.696
172.21.20.55,172.21.20.48,4859.04,732.064
172.21.20.55,172.21.20.52,4851.968,740.059
172.21.20.55,172.21.20.54,2851.407,638.162
172.21.20.55,172.21.20.56,4717.344,421.141
172.21.20.55,172.21.20.57,5048.16,543.183
172.21.20.55,172.21.20.9,2777.568,294.507
172.21.20.56,172.21.20.10,4253.984,242.14
172.21.20.56,172.21.20.11,4429.76,221.435
172.21.20.56,172.21.20.12,4486.816,231.0
172.21.20.56,172.21.20.13,4201.664,235.933
172.21.20.56,172.21.20.14,3900.416,215.726
172.21.20.56,172.21.20.15,4300.064,226.629
172.21.20.56,172.21.20.16,3744.8,226.783
172.21.20.56,172.21.20.17,4193.664,217.037
172.21.20.56,172.21.20.18,3839.04,221.68
172.21.20.56,172.21.20.33,4398.464,668.449
172.21.20.56,172.21.20.36,4408.864,593.27
172.21.20.56,172.21.20.37,4438.816,644.33
172.21.20.56,172.21.20.38,4029.6,662.252
172.21.20.56,172.21.20.39,4589.696,635.324
172.21.20.56,172.21.20.40,4407.36,636.335
172.21.20.56,172.21.20.41,4262.88,502.26
172.21.20.56,172.21.20.42,4237.824,542.657
172.21.20.56,172.21.20.43,3993.728,439.56
172.21.20.56,172.21.20.44,4057.216,497.525
172.21.20.56,172.21.20.45,4436.096,631.712
172.21.20.56,172.21.20.46,4334.528,607.903
172.21.20.56,172.21.20.47,2765.952,503.018
172.21.20.56,172.21.20.48,4516.128,640.205
172.21.20.56,172.21.20.52,4571.872,658.328
172.21.20.56,172.21.20.54,4056.992,560.224
172.21.20.56,172.21.20.55,4048.192,562.114
172.21.20.56,172.21.20.57,5174.208,361.533
172.21.20.56,172.21.20.9,3871.36,215.355
172.21.20.57,172.21.20.10,4185.088,238.72
172.21.20.57,172.21.20.11,4302.784,225.454
172.21.20.57,172.21.20.12,4412.625,221.117
172.21.20.57,172.21.20.13,4317.536,237.501
172.21.20.57,172.21.20.14,3858.752,215.959
172.21.20.57,172.21.20.15,4375.904,215.889
172.21.20.57,172.21.20.16,3733.408,218.079
172.21.20.57,172.21.20.17,4328.8,215.008
172.21.20.57,172.21.20.18,3700.928,216.169
172.21.20.57,172.21.20.33,4334.976,675.219
172.21.20.57,172.21.20.36,1921.472,332.889
172.21.20.57,172.21.20.37,4489.248,664.452
172.21.20.57,172.21.20.38,4098.464,596.659
172.21.20.57,172.21.20.39,4137.76,676.54
172.21.20.57,172.21.20.40,4341.44,683.527
172.21.20.57,172.21.20.41,4171.072,460.617
172.21.20.57,172.21.20.42,4228.48,373.274
172.21.20.57,172.21.20.43,4148.224,557.569
172.21.20.57,172.21.20.44,4085.44,447.628
172.21.20.57,172.21.20.45,4415.2,573.63
172.21.20.57,172.21.20.46,4323.52,633.67
172.21.20.57,172.21.20.47,3250.464,438.5
172.21.20.57,172.21.20.48,4445.952,647.04
172.21.20.57,172.21.20.52,4514.88,624.61
172.21.20.57,172.21.20.54,3931.097,344.116
172.21.20.57,172.21.20.55,4075.104,490.677
172.21.20.57,172.21.20.56,5202.688,273.373
172.21.20.57,172.21.20.9,3937.44,227.092
172.21.20.9,172.21.20.10,4652.032,253.068
172.21.20.9,172.21.20.11,4598.752,221.977
172.21.20.9,172.21.20.12,4119.136,221.879
172.21.20.9,172.21.20.13,4725.408,238.039
172.21.20.9,172.21.20.14,4089.184,237.614
172.21.20.9,172.21.20.15,4605.472,220.58
172.21.20.9,172.21.20.16,3986.176,221.019
172.21.20.9,172.21.20.17,4709.248,234.659
172.21.20.9,172.21.20.18,4721.792,222.42
172.21.20.9,172.21.20.33,4675.424,283.126
172.21.20.9,172.21.20.36,4707.456,259.336
172.21.20.9,172.21.20.37,4686.272,259.336
172.21.20.9,172.21.20.38,4739.328,281.057
172.21.20.9,172.21.20.39,4749.824,273.805
172.21.20.9,172.21.20.40,4696.96,275.028
172.21.20.9,172.21.20.41,4784.16,239.063
172.21.20.9,172.21.20.42,4655.104,235.018
172.21.20.9,172.21.20.43,4745.536,239.177
172.21.20.9,172.21.20.44,4671.045,250.062
172.21.20.9,172.21.20.45,4783.488,264.48
172.21.20.9,172.21.20.46,4665.344,269.076
172.21.20.9,172.21.20.47,3520.032,304.785
172.21.20.9,172.21.20.48,4726.24,267.702
172.21.20.9,172.21.20.52,4725.504,265.041
172.21.20.9,172.21.20.54,1883.648,282.406
172.21.20.9,172.21.20.55,1958.528,278.242
172.21.20.9,172.21.20.56,4724.928,213.447
172.21.20.9,172.21.20.57,4810.094,222.816
